county_fips,totalvotes,candidatevotes
"20083","1045","154"
"40105","4391","712"
"19067","8032","3172"
"55121","15380","6285"
"31013","5181","1051"
"16069","20967","6686"
"18041","10136","2237"
"31117","302","17"
"48145","6133","1899"
"26031","15868","5437"
"13259","1990","1182"
"37161","34429","9135"
"28013","6590","1902"
"27101","4896","1449"
"2030","10176","2638"
"8023","2094","1311"
"48107","1953","527"
"31039","4451","870"
"48379","6053","842"
"48411","2602","287"
"19143","3328","601"
"5147","2476","856"
"29221","9976","1804"
"1097","183164","79474"
"17051","10056","1826"
"21031","6122","1079"
"51037","6191","2317"
"38023","1202","265"
"5073","2679","839"
"29039","7044","1145"
"30009","7052","2421"
"47163","74357","17272"
"20185","2034","357"
"41055","1208","260"
"37197","19923","3763"
"48341","5508","1062"
"28007","8823","3542"
"46107","1380","227"
"23021","9996","3517"
"29067","7000","1016"
"24041","22555","11062"
"12087","48029","21881"
"27025","34570","11806"
"22075","11014","3414"
"35045","52294","18083"
"36029","476787","267174"
"20141","1945","281"
"27113","7277","2568"
"38043","1460","221"
"22113","27324","5009"
"38059","16619","3872"
"18113","19190","4660"
"37185","10293","6400"
"6039","53732","23168"
"46069","710","136"
"19051","4102","1013"
"20187","776","148"
"35021","505","179"
"42121","26528","7585"
"20167","3467","600"
"45071","18631","6958"
"42059","17669","4911"
"4017","51767","23383"
"28163","10436","5496"
"19031","10703","4337"
"40003","2262","232"
"21117","82108","32265"
"51081","4574","2627"
"26021","82391","37438"
"46123","2696","495"
"39059","18230","4577"
"37189","32220","17122"
"39047","12612","2975"
"8027","3635","1112"
"51033","16288","7657"
"31077","1258","229"
"47021","20260","5514"
"44009","76060","44549"
"42027","77493","40055"
"47181","6669","820"
"48081","1779","178"
"18055","14784","3389"
"31135","1544","199"
"53015","60280","23938"
"39037","27134","4731"
"51115","5829","1825"
"5131","47140","14487"
"22017","104912","55110"
"1101","99139","64529"
"29033","4532","786"
"27135","8421","2188"
"51125","9318","4327"
"26085","6323","2288"
"8073","2651","470"
"20193","3810","625"
"31057","999","105"
"45087","13257","4935"
"48021","36665","15474"
"42077","184713","98288"
"5009","17114","3064"
"37193","35466","7511"
"30087","3773","1199"
"31115","454","75"
"26039","7861","2672"
"13295","29354","5769"
"18057","193999","88390"
"28071","23423","10070"
"39131","12412","3110"
"30025","1575","172"
"12021","207818","77621"
"12047","5830","1963"
"42115","21752","6236"
"51087","183299","116572"
"19109","9090","2696"
"55071","44829","16818"
"49039","12625","1794"
"12083","204376","74858"
"13251","6628","2661"
"26057","19127","6693"
"27167","3430","1026"
"30089","7622","1820"
"48283","2406","1052"
"53071","31261","13690"
"48171","15850","3176"
"42055","80783","22422"
"40065","8221","1646"
"48507","4379","2864"
"20119","1825","263"
"40085","4076","711"
"13143","14248","1792"
"21107","21509","5439"
"46027","5698","3083"
"22089","28517","9800"
"31129","2303","409"
"36117","45031","17456"
"27159","7677","2023"
"39145","32047","9080"
"40127","4739","668"
"19155","45744","18575"
"29079","4437","799"
"53073","138620","83660"
"27131","35686","17402"
"17155","3390","1338"
"24009","49113","22587"
"16073","4742","816"
"20113","14438","4134"
"55009","144017","65511"
"51117","16207","6803"
"51061","43671","17565"
"10003","287633","195034"
"42051","62139","20444"
"42019","113305","37508"
"18003","169082","73189"
"1009","27588","2640"
"28123","10733","4330"
"5007","119912","42249"
"56019","4952","897"
"27067","23367","8440"
"17133","21148","6569"
"5125","56959","16060"
"48361","35994","6357"
"30043","8151","2625"
"13081","8039","2986"
"40113","20538","6002"
"37059","25311","6713"
"17113","87002","43933"
"51017","2501","646"
"19037","6631","2233"
"20049","1361","195"
"6053","163923","113953"
"26111","49088","20493"
"38005","1961","822"
"48087","1218","155"
"51063","9412","3004"
"40027","119778","49827"
"26009","15949","5960"
"31079","24374","7681"
"13109","4247","1324"
"30109","598","77"
"29137","4483","936"
"13065","2864","747"
"48331","10578","2496"
"48415","5870","818"
"8045","30904","15427"
"21053","4932","603"
"25013","220793","125948"
"29165","57270","27179"
"48209","109395","59524"
"39147","25810","8266"
"39125","9467","2213"
"42065","22824","4527"
"47047","22984","7027"
"19141","7551","1569"
"29215","11315","1716"
"8115","1446","301"
"40033","2572","393"
"9013","80714","44151"
"6037","4264365","3028885"
"16023","1415","188"
"47173","8123","1249"
"42131","14858","4704"
"55053","10184","4256"
"13313","36746","10670"
"49031","871","86"
"18163","77662","34415"
"49025","4180","1083"
"13175","22729","8073"
"39039","19381","5981"
"27005","19401","6589"
"54101","3402","610"
"48007","12290","2916"
"35028","12293","7554"
"51683","16978","10356"
"18161","3483","736"
"13261","12150","6318"
"31015","1153","135"
"53037","26364","11421"
"5035","16367","8514"
"12023","33042","8914"
"20207","1546","294"
"12107","36373","10527"
"17187","7909","3090"
"13141","4165","2985"
"13101","1441","167"
"46019","4802","939"
"29119","9053","1439"
"42083","19466","5098"
"39167","32031","9243"
"22117","19513","5970"
"5019","8395","3438"
"48083","4124","451"
"13279","10914","2939"
"55131","88070","26650"
"21029","41964","10551"
"37199","11352","3688"
"31149","841","84"
"40073","6465","854"
"45003","85185","32275"
"51760","111181","92175"
"6115","29796","11230"
"21205","10058","3880"
"39097","19855","5698"
"16061","1870","349"
"35029","8103","3563"
"27013","36051","18330"
"17031","2321486","1725973"
"42097","42283","12677"
"19135","4088","1078"
"31067","11068","3385"
"27117","4940","1306"
"8025","1750","437"
"48363","12489","2178"
"50001","22611","15089"
"29073","7923","1601"
"12071","393899","157695"
"37049","53065","21148"
"21039","2638","463"
"22107","2554","1329"
"20129","1198","150"
"47189","74330","22254"
"6081","374251","291496"
"16009","4973","977"
"36123","10788","4219"
"29121","7836","1662"
"51145","19733","5320"
"22051","193733","84477"
"36001","154727","99474"
"19081","6172","1683"
"33017","73596","41721"
"56009","7010","861"
"47017","11905","2559"
"19025","5258","1470"
"24025","148186","63095"
"55115","22615","7131"
"30079","744","126"
"48445","3612","757"
"36013","59770","23087"
"13161","5771","1028"
"22021","4762","745"
"31041","5993","786"
"45085","48920","27379"
"37141","34169","11723"
"34035","185859","111173"
"38045","2219","527"
"22049","7632","2143"
"41027","13090","8764"
"51630","12877","8517"
"31141","15673","3260"
"20007","2342","291"
"13297","51095","12682"
"13135","413865","241827"
"27133","5240","1556"
"21143","4228","1092"
"46109","4307","1828"
"22037","10509","4280"
"48017","1860","409"
"42119","20115","7475"
"36095","15810","5345"
"19075","7276","2206"
"20139","8035","2136"
"37137","7631","2713"
"56035","5000","882"
"8097","11957","8989"
"40035","6032","1217"
"21219","5351","1202"
"28075","31247","12960"
"28021","4449","3772"
"26117","32100","9703"
"29107","17055","4472"
"48059","6832","734"
"13195","14937","3411"
"8014","46632","29077"
"8037","29140","18588"
"19163","92599","46926"
"19009","3420","1071"
"29041","4077","916"
"34009","57714","23941"
"17127","6813","1725"
"19029","7276","2201"
"19189","5970","2135"
"48391","3366","1108"
"13115","41648","12008"
"27057","12965","4462"
"33013","89805","48533"
"48109","864","438"
"36061","701405","603040"
"31179","4200","1022"
"28043","10911","4734"
"41041","30726","17385"
"19053","3804","1120"
"42015","30159","8046"
"31119","15765","3478"
"39013","33088","9138"
"21231","9240","1700"
"42049","137083","68286"
"13121","524659","381144"
"6097","268317","199938"
"28035","31654","13755"
"30035","5617","3610"
"30063","71495","43357"
"27163","166786","89165"
"19195","4418","1596"
"47067","2744","362"
"16025","754","149"
"39067","7655","1768"
"12101","301970","119073"
"21217","12510","2961"
"31073","1118","215"
"29043","46839","11131"
"48235","889","120"
"35013","82641","47957"
"36107","25170","9634"
"1001","27770","7503"
"8093","12291","4903"
"17001","33527","8633"
"39045","83311","31224"
"27107","3441","1404"
"37005","6076","1486"
"46101","3206","1179"
"47153","7252","1298"
"48227","10241","2069"
"12049","8485","2298"
"39157","44015","12889"
"53007","43306","19349"
"39007","44147","16497"
"36011","36760","16149"
"45077","57546","13645"
"39139","59975","17640"
"55099","8546","3032"
"29151","7539","1037"
"36039","25320","10346"
"35061","32277","14263"
"18039","74387","26108"
"12011","957672","618752"
"26153","4745","1589"
"40125","28185","7275"
"30017","5860","1514"
"32023","25376","7287"
"16033","311","41"
"20209","56785","36788"
"48437","2355","478"
"21011","5627","1573"
"8063","3871","662"
"29069","10419","2200"
"6083","200339","129963"
"54055","25134","5556"
"1121","35663","13138"
"19187","17822","6613"
"5111","7521","1424"
"53029","53925","29213"
"27069","2639","1006"
"24015","47462","16809"
"16037","2739","603"
"55109","56707","23190"
"2034","10729","5763"
"31003","3583","452"
"25015","88332","63362"
"27077","2408","671"
"40023","5832","1082"
"30099","3679","1007"
"18145","19991","5023"
"56043","4032","651"
"37075","4665","905"
"6009","27164","10046"
"8035","231605","104653"
"48395","8099","2374"
"31159","9142","2438"
"28111","5916","1362"
"26161","216418","157136"
"48429","3800","397"
"56037","16698","3823"
"17075","14025","2908"
"31139","4006","480"
"6101","42644","17367"
"21175","5535","1172"
"21203","7783","1134"
"54071","3659","820"
"31173","2325","1122"
"6067","718440","440808"
"29045","3394","678"
"46051","3745","1056"
"28077","6613","2260"
"54027","10086","1939"
"48295","1353","131"
"2011","10628","3130"
"48119","2592","403"
"12003","14059","2037"
"40051","23101","4144"
"22003","9810","2108"
"51810","227717","117393"
"38089","15050","2499"
"47007","5758","971"
"1065","7900","4663"
"20157","2657","424"
"55065","8555","3647"
"20001","5892","1570"
"46035","8454","2648"
"48357","3156","302"
"1011","4613","3446"
"17035","5832","1142"
"18029","25383","5446"
"48023","1702","183"
"37135","84997","63594"
"17107","13294","3840"
"19181","31039","12574"
"13027","7100","2790"
"18159","8116","1834"
"37139","19897","9832"
"25019","7338","5241"
"39009","26059","14772"
"25027","434921","248773"
"16055","89467","24312"
"8105","6305","2495"
"37033","12051","4860"
"20103","36490","13886"
"19097","11135","4029"
"48151","1826","352"
"33015","198798","100064"
"26059","23302","5883"
"17067","9383","2315"
"18063","88505","32604"
"6107","146885","66105"
"35043","76562","40588"
"48317","2160","288"
"22041","9720","2658"
"29123","5676","1019"
"33011","230941","122344"
"27099","19345","8899"
"29089","5092","1413"
"17121","17458","4524"
"21163","14110","3632"
"20181","2727","396"
"17103","16397","6407"
"37169","25701","5286"
"17159","8063","1830"
"40143","266678","108996"
"39143","30074","10596"
"31071","1075","133"
"56041","9459","1591"
"21157","17601","4071"
"28005","7196","2620"
"48099","23493","7565"
"31075","402","20"
"36081","794498","569038"
"2031","12410","5037"
"1075","7193","978"
"51149","17439","7103"
"12111","172169","84137"
"29017","5983","750"
"37117","12540","5911"
"26077","143414","83686"
"17175","2883","815"
"48097","18996","3210"
"27141","55612","18065"
"26113","8755","1967"
"48141","266729","178126"
"39029","49860","13359"
"29001","10336","3710"
"31053","16876","5544"
"53049","14064","6794"
"17141","26272","9428"
"40089","11467","1858"
"42081","59254","16971"
"54093","3844","938"
"19153","258755","146250"
"18089","219956","124870"
"13089","370804","308227"
"18047","12000","2137"
"6095","205877","131639"
"13075","7035","2059"
"47019","24492","4529"
"31005","284","21"
"18139","7932","1754"
"47089","23616","4654"
"29111","4609","984"
"12045","8163","1985"
"6065","997156","528340"
"19157","10140","4306"
"13057","144830","42794"
"45017","8291","3905"
"12095","647403","395014"
"21197","5505","1367"
"38083","812","104"
"42123","20650","6066"
"47053","22335","5771"
"29087","2343","338"
"45067","14704","8872"
"51167","13386","2373"
"48277","21442","4458"
"45015","104458","45223"
"21085","11983","2400"
"12013","6526","1209"
"9015","57082","26706"
"36099","15718","6914"
"29091","18650","3218"
"12099","773158","433572"
"13213","15389","2302"
"38085","1186","804"
"26139","168713","64705"
"49007","9369","2392"
"47043","24323","6106"
"55107","7886","2517"
"6079","159714","88310"
"35019","2189","1234"
"30065","2881","413"
"1039","17430","2721"
"48241","15611","2954"
"13245","87016","59124"
"56021","45237","15217"
"46097","1138","320"
"46057","3083","647"
"54063","6490","1345"
"51159","4102","1513"
"30051","1083","249"
"1115","44441","7744"
"27091","11009","3305"
"27103","19125","9622"
"51133","7815","3252"
"53061","438796","256728"
"36027","151889","81443"
"35051","5945","2265"
"47059","28087","5199"
"29129","1779","222"
"37107","28409","13605"
"39153","280473","151668"
"31133","1429","322"
"4003","60442","23732"
"46083","32396","11981"
"29071","53685","14569"
"16021","6313","1220"
"48193","4351","641"
"13019","7743","1269"
"40147","23501","5790"
"18175","12139","2784"
"51660","17093","11022"
"47167","27308","6837"
"13307","1390","639"
"28125","2183","1465"
"17025","6886","1129"
"5135","7566","1398"
"51127","14471","4621"
"31055","274951","150350"
"18077","14697","4731"
"18013","8981","3036"
"27143","8452","2417"
"18009","5351","1376"
"4012","7458","2236"
"17069","2162","449"
"8013","206111","159089"
"2023","7739","3810"
"29183","222017","89530"
"48471","23612","7884"
"40129","1834","168"
"42033","39422","9673"
"48477","17427","4261"
"48497","32365","4973"
"20041","9349","2060"
"8015","13718","7160"
"9007","99198","56848"
"17085","12496","5109"
"39079","14794","3311"
"37023","44602","13118"
"20135","1513","149"
"8125","4981","785"
"38017","86053","40311"
"37129","131830","66138"
"49005","58358","16650"
"40133","8337","2150"
"1125","90172","37765"
"26045","64327","31299"
"12105","343256","145049"
"22103","140110","37746"
"13007","1555","652"
"48389","3689","1395"
"46111","1185","257"
"36105","35132","15489"
"40091","8335","2031"
"54105","2653","466"
"40043","2359","214"
"16049","9602","1561"
"48103","1503","241"
"46091","2178","858"
"19111","16734","6541"
"51045","3170","587"
"6045","43340","28782"
"51183","5088","2827"
"29013","8416","1672"
"35007","6016","2611"
"27169","27173","13333"
"42105","9064","1726"
"16039","10205","2601"
"37179","131011","48725"
"8075","10532","2218"
"24017","89498","62171"
"51079","11313","4163"
"48177","7648","1948"
"54005","9012","2041"
"28143","3562","2580"
"13223","85385","29704"
"48461","1368","170"
"26099","494256","223952"
"55078","1590","1303"
"12061","97484","37844"
"35031","26486","18029"
"41017","125234","65962"
"6025","56743","34678"
"48207","2214","353"
"6001","770070","617659"
"55061","12095","3976"
"42039","42004","12924"
"47063","24631","5500"
"20069","2288","341"
"37151","73316","15618"
"13105","9171","2879"
"2028","12749","6264"
"31037","3717","1025"
"46037","2964","1052"
"42063","41198","12634"
"17091","49902","20271"
"48039","154984","62228"
"35009","15101","4307"
"2002","6136","2104"
"42001","56540","18207"
"24001","30641","9158"
"1087","8723","7108"
"48043","4822","2258"
"2020","7497","4881"
"48037","38261","10747"
"18035","48191","20474"
"27041","24165","7868"
"36005","432399","355374"
"48365","11451","2057"
"55073","76751","30808"
"46025","1850","437"
"17003","2618","1114"
"26143","15018","5166"
"1071","23636","3717"
"16083","36501","9391"
"28069","4731","2887"
"27047","16818","6889"
"19103","83851","59177"
"47011","45865","9851"
"13159","7644","1761"
"51720","1601","464"
"8047","4186","2223"
"18093","21025","4961"
"20077","2678","461"
"48355","127322","60925"
"19035","6518","1936"
"31011","3217","499"
"48275","1456","265"
"17197","345105","183915"
"28053","4189","3016"
"13147","12727","3157"
"18061","20236","5343"
"51031","29901","8070"
"13079","6102","1615"
"8059","377358","218396"
"22035","3036","1900"
"55139","94032","44060"
"17135","13727","3905"
"21009","20055","5127"
"53025","37680","11819"
"46021","873","117"
"20159","4319","965"
"41061","14944","4254"
"30077","3179","752"
"48439","834697","411567"
"38037","1381","207"
"5037","6942","1772"
"48173","653","39"
"55055","47979","19904"
"54039","82244","34344"
"36075","54852","21143"
"37109","50217","13274"
"41021","1178","324"
"50025","28452","20057"
"4027","69881","32210"
"16065","17112","2666"
"51077","8131","1535"
"31091","442","59"
"19147","4958","1519"
"28039","11049","1218"
"21049","18128","6004"
"8029","19370","5887"
"27093","13529","3867"
"26165","18265","5838"
"13125","1566","155"
"12065","8451","3897"
"48011","1112","75"
"51121","45037","23218"
"20059","12477","3690"
"50015","15679","10773"
"22115","17268","2898"
"53041","45309","14520"
"47101","5609","1072"
"20115","6111","1516"
"38065","1066","129"
"20201","2883","475"
"46065","8723","2953"
"22121","14097","6200"
"49053","91070","20530"
"17021","16204","4335"
"17201","127709","64056"
"31101","4364","763"
"12027","12659","4259"
"18005","36235","12934"
"18179","14050","2928"
"35049","82227","62530"
"54041","7457","1538"
"31161","2672","340"
"31047","9178","2497"
"48143","16856","2916"
"12039","23762","16153"
"13139","90523","25031"
"22061","19275","7559"
"55019","14898","4524"
"31171","427","45"
"39119","40465","11971"
"28015","5701","1729"
"19071","3857","1080"
"38073","2454","945"
"48383","1124","172"
"49051","17790","6187"
"51530","2776","825"
"45041","64510","31153"
"53023","1489","366"
"17045","8196","1887"
"17115","49390","19847"
"23015","23857","12684"
"48323","15346","8332"
"51089","26105","9127"
"29217","9185","1903"
"37051","147150","84469"
"1017","15284","6365"
"22073","69166","25913"
"19077","6371","1985"
"41063","5149","1625"
"28157","4127","2749"
"6035","11987","2799"
"41071","58923","27174"
"13285","30049","11578"
"17017","5317","1615"
"18125","6220","1415"
"37077","31598","14565"
"13111","14850","2571"
"18127","86509","39746"
"31175","2340","412"
"48503","8239","1034"
"2037","5142","2560"
"42047","16906","4522"
"48033","416","16"
"48303","120817","40017"
"36121","19483","5073"
"22097","41154","17372"
"48245","94759","46073"
"2022","9520","4553"
"30081","28507","8763"
"36021","35781","20386"
"46017","549","352"
"51710","89988","64440"
"21195","25368","4862"
"17167","104752","48917"
"48335","2579","397"
"51109","21916","8269"
"47133","10037","2033"
"19173","3249","746"
"27017","20369","10098"
"17153","2624","891"
"23029","17570","6761"
"8071","7961","3497"
"13241","9568","1984"
"13155","4168","1008"
"18075","8461","1926"
"51193","9948","4501"
"45091","144050","59008"
"36097","9799","3903"
"26091","53375","20918"
"13119","10765","1593"
"45089","15985","10289"
"21181","3396","955"
"40111","14313","4357"
"48061","114174","64063"
"17049","19049","3716"
"28159","9236","4040"
"16003","2586","591"
"5113","8490","1246"
"47035","32279","6728"
"5101","3998","709"
"13229","9048","1100"
"6089","92930","30000"
"54049","25794","8901"
"51191","28693","6617"
"54075","4008","1047"
"17109","12285","4992"
"48229","1165","371"
"48385","1982","320"
"48309","97872","36688"
"25001","151512","91994"
"19041","8969","2662"
"29029","24812","5652"
"49001","3100","357"
"42087","21502","4603"
"38015","50753","14348"
"48399","4409","552"
"31051","3083","651"
"5127","3551","483"
"51580","2603","964"
"55095","26371","9370"
"40045","1873","162"
"45063","144568","49301"
"20101","895","115"
"13299","14192","4211"
"12075","23145","6205"
"13269","3839","1387"
"8109","3389","1884"
"48233","8773","965"
"26023","20536","6159"
"38025","2338","342"
"19073","5057","1769"
"17063","26691","9626"
"13001","8341","1779"
"41007","23910","12916"
"21041","4135","1116"
"42113","3595","921"
"46041","1966","1131"
"28089","56212","24440"
"40009","7948","1048"
"47149","143878","59341"
"8001","236740","134202"
"13199","10877","4287"
"8051","11190","7132"
"19057","19956","8893"
"48077","5744","614"
"31031","3265","373"
"40021","17714","6027"
"31103","529","49"
"30055","1128","155"
"5079","3875","1032"
"18121","7013","1503"
"8021","4333","1959"
"48091","88892","24826"
"39175","11390","2733"
"22067","11574","4946"
"18011","38520","15244"
"48175","3995","877"
"28059","54543","17375"
"12063","22419","6766"
"37145","21894","8465"
"48155","551","99"
"48269","159","8"
"54023","5509","607"
"40075","3427","699"
"13281","7979","1550"
"30061","2563","686"
"20073","3077","569"
"26093","127197","48220"
"13185","46355","20117"
"46103","57518","20606"
"47091","7801","1246"
"1081","71449","27860"
"22123","5052","710"
"34015","172654","86702"
"6033","28812","14941"
"13171","9039","2615"
"6023","68843","44768"
"22127","6225","1543"
"21001","8763","1392"
"28135","5685","3105"
"48215","220884","128199"
"40061","5014","783"
"26005","67094","24449"
"42109","19140","4910"
"33003","33221","16649"
"51640","2639","777"
"19021","8167","2961"
"29047","126569","59400"
"13277","16283","5322"
"20003","3792","782"
"16051","14173","1661"
"22055","114521","39685"
"36037","29431","9625"
"2005","8654","4204"
"21063","2995","712"
"40017","61940","16742"
"48377","2217","1463"
"40039","10691","2369"
"37133","72235","24266"
"38027","1261","383"
"55049","13992","7828"
"13211","11707","3355"
"5003","7926","2125"
"19079","7943","2843"
"24029","10794","5329"
"23009","35676","19369"
"22001","28425","5443"
"5055","16100","3058"
"45075","41205","27295"
"5081","5177","1226"
"18181","11166","3032"
"20057","8915","2947"
"33009","53966","33180"
"12121","21057","4485"
"27147","21128","7917"
"6093","23472","9593"
"46063","813","49"
"30021","4825","962"
"54065","8695","1998"
"48487","4524","956"
"47177","16009","3924"
"29139","5772","1208"
"28139","10102","1937"
"17101","6411","1419"
"27031","3806","2496"
"48203","29717","7908"
"9003","449336","283368"
"6111","422825","251388"
"46011","14567","6110"
"42071","280239","115847"
"47119","46657","14418"
"48343","5587","1669"
"37167","33939","8129"
"48179","7782","829"
"29187","28001","7044"
"42043","147368","78983"
"39129","28271","7304"
"51670","9628","5430"
"51009","17005","5672"
"12113","106928","27612"
"31099","3604","701"
"39165","136100","46069"
"42005","36370","8457"
"8039","18983","4490"
"48273","10944","5314"
"37101","111357","41257"
"18177","27679","9524"
"54061","42072","20282"
"21025","5661","1301"
"48467","26029","3516"
"47135","3428","615"
"19191","12064","5617"
"35053","7160","3722"
"37001","86091","38825"
"48301","66","4"
"47023","7584","1412"
"49035","546581","289906"
"37173","7068","2780"
"48009","4796","446"
"31027","4996","725"
"2036","9292","3796"
"13209","3966","979"
"26037","47927","21968"
"19137","5327","1583"
"26145","103349","51088"
"2033","10955","7535"
"46129","2580","565"
"22043","9392","1157"
"36025","23074","9143"
"40087","19236","3582"
"1019","12301","1624"
"29049","10888","2896"
"36119","462265","312371"
"37063","179914","144688"
"51105","9947","1489"
"19061","53926","25657"
"5027","8616","2814"
"37019","90175","33310"
"40123","15320","4117"
"28081","36954","12189"
"1107","9668","4022"
"1109","13841","5636"
"28033","76124","28265"
"27155","1864","661"
"1103","53722","13234"
"48319","2474","457"
"18107","17198","4213"
"48463","10344","4073"
"13173","3576","1019"
"18141","115238","59896"
"21077","3849","822"
"13219","25168","8162"
"53027","38441","17354"
"42003","719733","429065"
"17043","485104","281222"
"55103","9014","3995"
"13153","74823","32232"
"51065","15846","7414"
"20005","7440","2359"
"27137","119531","67704"
"39099","118966","57641"
"21145","33521","11190"
"50003","19357","11858"
"21199","31537","5664"
"54089","5585","1448"
"1131","5903","4048"
"39041","126070","57735"
"55015","30774","12116"
"47033","6114","1382"
"16029","3416","431"
"29153","4864","752"
"34025","378151","181291"
"26129","11907","3475"
"13073","80579","29236"
"48127","3666","2264"
"37073","5971","2546"
"13095","35311","24577"
"18019","57869","23093"
"29055","10973","2113"
"1073","325848","181688"
"55081","22611","8433"
"17099","53591","22442"
"13071","16083","4187"
"8091","4020","2365"
"12069","211314","83505"
"20081","1410","268"
"48019","12715","2505"
"30019","1014","195"
"31105","1874","268"
"19151","3823","933"
"51155","17386","4925"
"46135","10900","4016"
"48345","652","46"
"16077","3074","865"
"54057","12872","2660"
"17183","31584","10323"
"47071","11538","1775"
"48469","34188","10380"
"42107","70603","20727"
"28117","10644","2153"
"48169","1653","231"
"48093","6086","853"
"48443","458","119"
"26003","5128","2053"
"13201","2835","749"
"42013","63595","17636"
"51620","4064","2525"
"29101","23123","6974"
"6027","9484","4634"
"4011","3685","1182"
"5021","5183","962"
"20047","1431","271"
"18043","41802","17511"
"37165","14775","7186"
"48259","26452","6020"
"26027","26216","9130"
"29133","4756","1178"
"27033","6107","1834"
"21211","23542","8076"
"20013","4471","1104"
"21065","6538","1355"
"17105","17174","4615"
"48369","2650","488"
"48223","15941","3046"
"17087","6437","1281"
"21151","43903","15580"
"5069","25158","14981"
"45013","97835","43419"
"55079","458971","317270"
"36059","738369","396504"
"50019","15442","7757"
"45045","258155","103030"
"1033","27886","8343"
"39085","130509","55514"
"48413","1159","211"
"30045","1344","275"
"17173","12097","2504"
"27049","28636","11806"
"27139","87965","40040"
"51600","13487","9174"
"31185","7143","1630"
"2029","10747","2985"
"31163","1698","343"
"27165","5201","1987"
"17041","8738","2335"
"40135","15386","3035"
"1091","10900","5488"
"12133","12327","2347"
"37031","42695","12093"
"53011","275403","140324"
"28083","10893","7648"
"27065","9242","2774"
"38035","30970","12880"
"29103","1854","340"
"12123","10127","2299"
"29027","21144","5870"
"29011","6077","844"
"24033","424855","379208"
"46085","1597","525"
"28151","18008","12503"
"13291","15560","2801"
"40029","2524","374"
"45047","32006","12145"
"13309","2285","689"
"40059","1487","136"
"19113","127458","70874"
"47005","7260","1529"
"48417","1628","130"
"48311","516","53"
"39115","6847","1725"
"23003","36210","13956"
"47141","33593","9185"
"48139","85493","27565"
"6051","6738","4013"
"27059","24235","7138"
"55041","5053","1721"
"55127","57600","22789"
"17119","137139","57836"
"21023","4244","800"
"55043","25608","10998"
"53031","24792","17204"
"48397","53891","16412"
"48285","10197","1333"
"21165","3102","750"
"38105","14334","2169"
"39083","31398","8589"
"5077","2848","1423"
"13037","2194","1260"
"13051","133420","78254"
"19047","7154","2220"
"5049","5119","1035"
"6061","235084","106869"
"53001","5862","1814"
"42021","70574","21730"
"47093","220556","91422"
"55025","344791","260185"
"1095","39655","5943"
"48409","25891","8988"
"5017","4103","2260"
"8083","15500","5836"
"34019","84242","39457"
"37029","5953","1537"
"18085","35787","8364"
"35015","23222","5424"
"36093","75381","42465"
"21149","4782","1074"
"46115","3163","998"
"27035","40173","13726"
"34007","264616","175065"
"13055","10050","1854"
"21169","5012","975"
"40001","7108","1387"
"13247","44686","31244"
"37175","20404","8444"
"29077","141800","55068"
"5103","9629","3995"
"19131","5822","2053"
"22039","15412","4158"
"32019","30229","8472"
"48189","9586","2279"
"28057","10819","1249"
"24031","533743","419569"
"36051","31656","12477"
"47103","15608","2919"
"6003","741","476"
"51187","21147","6603"
"22111","11201","2654"
"26067","32209","10901"
"48435","1557","322"
"40139","5521","894"
"18031","12287","2439"
"35011","901","231"
"26015","35905","11797"
"48329","58859","12329"
"27127","8284","2355"
"53019","4367","1486"
"29510","133867","110089"
"29171","2361","361"
"48159","5009","804"
"47049","8729","1214"
"18079","12251","2523"
"48419","10087","2068"
"23025","27873","10199"
"42117","21075","4955"
"20079","17309","6747"
"48165","5996","576"
"28019","4223","1185"
"30003","4784","2491"
"5095","2816","1147"
"39021","19972","5062"
"48071","21652","3997"
"29229","8739","1168"
"21223","4319","1012"
"29197","2003","373"
"49057","111403","40695"
"31089","5537","686"
"5105","4627","1012"
"5043","6908","2426"
"1085","6835","4972"
"53067","168134","96608"
"22013","7050","3067"
"42035","17625","5502"
"13013","37921","10453"
"28155","5395","1043"
"1111","10837","2203"
"18091","49392","22427"
"36091","133556","68471"
"20205","3954","723"
"28073","28485","7340"
"48111","1609","197"
"39055","56021","21201"
"47003","19088","4453"
"13257","11885","2385"
"28017","8141","3810"
"18109","36159","7781"
"40071","17249","4040"
"48195","2047","166"
"13267","8183","2061"
"48359","1009","81"
"21033","6428","1433"
"48237","3782","331"
"27019","66361","30774"
"47075","7439","4012"
"20099","8563","2655"
"26035","16281","5199"
"28067","30091","8517"
"35057","7281","2344"
"51700","81270","53099"
"38091","1088","392"
"38051","1455","261"
"49009","619","111"
"26095","3001","842"
"13015","50467","12092"
"46077","2779","819"
"12129","18404","5351"
"37037","48599","26787"
"1043","41851","4478"
"17145","10053","2612"
"27043","7914","2531"
"17079","5576","1007"
"51073","22284","6964"
"48481","16761","4694"
"19169","51038","29175"
"39161","14965","3067"
"13221","8131","2436"
"21225","6576","1529"
"38033","1026","137"
"12057","712063","376367"
"24037","55665","23138"
"29059","8104","1380"
"2018","7720","4681"
"48297","5054","819"
"51103","7152","3368"
"21111","386093","228288"
"28115","14361","2614"
"56031","4963","890"
"20117","5114","1259"
"1093","13807","1463"
"1061","12545","1595"
"13059","51333","36048"
"55083","23215","6715"
"8103","3691","561"
"21081","11106","2205"
"29155","5735","1560"
"33007","16515","7640"
"31025","15284","4737"
"51003","64657","42466"
"48307","3436","490"
"33005","44220","25522"
"17039","8024","2191"
"31177","12413","3554"
"21097","8853","2400"
"56015","6272","1203"
"45023","15757","6941"
"29141","9487","1924"
"18067","40630","13303"
"36055","383499","225746"
"6041","155830","128288"
"37025","117227","52162"
"48217","14931","2860"
"17117","24022","7365"
"18155","4154","964"
"37187","6205","3396"
"5085","30662","6686"
"19159","2714","709"
"48501","2631","420"
"29135","7157","1308"
"26007","16969","6000"
"29117","6758","1410"
"48473","22734","8191"
"54095","3922","631"
"40057","933","177"
"53043","7033","1713"
"6071","841130","455859"
"49003","27023","4473"
"1089","194767","87286"
"29053","8693","2249"
"22047","16719","8514"
"18065","21030","5544"
"48089","9975","2420"
"13287","3792","1410"
"2001","7314","3477"
"26087","52650","16367"
"2039","5891","3580"
"13009","18251","9140"
"30041","7182","2981"
"40081","14888","2609"
"55023","8695","3953"
"42031","19493","4678"
"39127","16675","4098"
"35025","20918","4061"
"38097","4136","1493"
"26061","18501","7750"
"37081","284486","173086"
"32007","21957","4555"
"48221","32541","5648"
"50013","5782","3346"
"1129","8876","2258"
"36077","28223","12975"
"40007","2178","190"
"48299","12660","2465"
"27129","8128","2496"
"56011","4143","378"
"35059","1789","383"
"12077","3561","694"
"21073","26059","12650"
"20009","11130","2340"
"21083","17018","3559"
"13305","12778","2687"
"31145","5452","811"
"51185","20152","3205"
"54109","8592","1157"
"27121","7022","2477"
"38095","1174","317"
"2003","8385","1903"
"17111","163879","78154"
"45011","10321","4720"
"41005","257679","139043"
"39173","67597","30617"
"1007","9595","1986"
"1077","44339","11915"
"48499","22779","3509"
"30097","2446","549"
"29115","5726","1275"
"30105","4261","1030"
"27115","16001","5419"
"26103","37462","20465"
"22085","10596","1731"
"28095","17259","5874"
"48149","12941","2661"
"13063","112344","95476"
"29093","4592","945"
"42025","33629","11212"
"45059","30488","10159"
"45069","11446","6290"
"35033","2686","1745"
"5063","14512","2806"
"19063","4853","1520"
"17139","6744","1662"
"37125","58339","20779"
"2035","10102","5011"
"21135","5883","823"
"19115","5332","1726"
"49055","1621","365"
"19043","9594","3340"
"20111","13988","6055"
"6013","581316","416386"
"37061","22715","8767"
"31007","410","43"
"21019","21741","7083"
"48035","9126","1561"
"12035","71716","28161"
"27045","12141","4551"
"29185","4974","988"
"6049","4343","1150"
"39137","19921","3195"
"30011","864","74"
"29213","26288","5339"
"53039","13560","5959"
"39081","33362","10018"
"45029","19283","8602"
"31081","5533","1118"
"17179","69052","24819"
"17125","6766","1985"
"42133","238471","88114"
"19139","20671","9372"
"48073","19508","4210"
"12079","9380","3747"
"26155","39224","15347"
"48465","15280","6771"
"45031","32417","15220"
"36079","55318","24953"
"18103","14473","3235"
"19003","2160","590"
"48407","12640","2337"
"37143","7484","2492"
"42089","83829","44060"
"27053","755969","532623"
"39049","630577","409144"
"29225","18779","3573"
"48291","29334","5785"
"21121","13273","2114"
"5071","9498","2283"
"8101","88301","43772"
"38087","427","44"
"50021","34772","18746"
"37153","20763","8754"
"17177","22048","9055"
"40121","17924","3768"
"13253","3884","1254"
"21189","1895","216"
"37083","25759","15545"
"12103","559715","277450"
"51171","23684","6836"
"37195","40735","20754"
"37105","29008","12143"
"47055","13203","3298"
"21055","4242","731"
"18129","13236","3811"
"26063","18437","5490"
"51137","20754","7995"
"19177","3791","875"
"31125","1828","359"
"49047","15303","1663"
"20137","2415","364"
"36065","101696","41567"
"48115","3789","808"
"30091","2030","574"
"41009","32221","13835"
"47105","29347","6948"
"37007","11194","5789"
"48403","5491","669"
"6017","116159","51621"
"41033","51641","18451"
"44003","93093","49113"
"16057","20570","10236"
"48265","27745","6524"
"28153","10056","3624"
"55123","15923","7457"
"8057","876","175"
"39087","28127","7489"
"25005","281364","153377"
"37131","10110","6069"
"54031","6331","1381"
"6057","64750","36359"
"37089","68371","27211"
"55067","11165","3704"
"20023","1429","224"
"21137","10913","2254"
"27145","84835","31879"
"6015","11453","4677"
"17151","2175","433"
"26131","3804","1391"
"13149","5391","824"
"51036","4441","2624"
"22031","14736","5457"
"17023","8356","1993"
"29161","19568","5637"
"13243","3074","1671"
"17147","9822","3329"
"16019","53995","14254"
"18037","21770","6292"
"40153","7785","1005"
"48315","4864","1339"
"47131","13521","2589"
"21179","23245","7188"
"47125","76758","32472"
"21005","13240","3347"
"40103","4938","1003"
"13029","21340","6739"
"32031","251956","128052"
"42095","170942","85087"
"37157","47809","15992"
"31001","14602","4213"
"48287","8087","1750"
"37009","15814","4164"
"48105","1574","344"
"18023","12949","3361"
"47145","25917","6043"
"36053","34266","14807"
"47171","8307","1615"
"21173","12837","3630"
"18027","11954","2169"
"20177","85657","43015"
"20029","4263","920"
"16043","6719","998"
"26157","29445","8712"
"37119","567053","378107"
"39109","57972","15663"
"55101","106451","50159"
"39043","40335","17493"
"23031","131042","71189"
"54091","7383","1796"
"5057","6848","2138"
"51740","44601","30948"
"27055","11440","4853"
"48495","2126","358"
"48337","9819","1097"
"46003","1405","317"
"48423","100089","29615"
"34039","252991","170245"
"1127","31170","4834"
"36041","3489","1178"
"50023","35325","25101"
"48271","1603","446"
"29201","17719","3753"
"38093","9959","2676"
"54017","3101","435"
"23005","195914","128759"
"37035","83425","25689"
"35041","6608","1802"
"36043","29560","9937"
"48147","15007","2655"
"53065","28430","7839"
"20105","1579","266"
"23017","33810","14755"
"48333","2505","271"
"13045","54474","16238"
"17019","95142","57067"
"30029","59936","20274"
"41031","11913","4393"
"56039","14787","9848"
"25021","411042","273312"
"17123","6334","2005"
"51139","12514","3007"
"20067","2501","518"
"5051","44199","14045"
"26051","14603","4524"
"32017","2446","330"
"13215","80543","49529"
"2021","9429","5414"
"38001","1269","258"
"22083","9940","3225"
"45057","49868","18937"
"27073","4040","1446"
"55133","267996","103906"
"2013","7713","2666"
"36067","235686","138894"
"39053","13799","2990"
"25025","337240","270522"
"27087","2304","1112"
"51840","12113","6610"
"42017","396234","204712"
"13023","5706","1311"
"46009","3001","721"
"13133","11247","4088"
"31157","15469","4196"
"1053","15910","4918"
"50005","15158","8529"
"48187","77619","28805"
"48231","38597","8906"
"20063","1471","166"
"30023","4891","2562"
"16081","6347","3318"
"13317","5029","2160"
"20165","1677","295"
"38079","3804","2482"
"36073","18314","5587"
"23007","17599","8069"
"29051","39529","12694"
"12059","9068","924"
"51025","7948","4552"
"8069","224338","126120"
"18173","33829","11923"
"20189","2031","237"
"20021","9128","2194"
"56033","16546","4043"
"6019","364917","193025"
"19193","45362","18704"
"48029","770818","448452"
"36089","45267","19361"
"28093","15817","8057"
"21021","14467","5298"
"13107","9501","2884"
"41069","965","217"
"19123","11404","2894"
"47057","10134","1467"
"55059","88738","42193"
"47081","9832","2130"
"28101","10183","3075"
"1067","9298","2606"
"5041","4164","2016"
"51023","21123","5700"
"40145","35338","8464"
"8043","25557","7369"
"40047","22430","4919"
"13303","9459","4730"
"39035","625670","416176"
"8107","16876","10582"
"25007","12873","9914"
"6091","1931","730"
"25009","424599","267198"
"2010","11205","2727"
"48045","725","78"
"34041","60787","24901"
"37171","36638","8721"
"2008","9912","1953"
"54007","5664","1457"
"1003","109679","24578"
"23013","26032","15110"
"26047","22177","9662"
"26065","144550","94212"
"30039","2102","638"
"45079","193822","132570"
"49041","10362","1084"
"48279","4410","840"
"54097","10221","2256"
"39003","48006","14149"
"40055","1973","328"
"13131","10707","3619"
"37159","73408","23114"
"6113","97294","67598"
"40083","21574","5455"
"19171","9048","3577"
"27151","5193","1784"
"21235","15347","2552"
"51131","6732","3667"
"42009","27574","4367"
"40013","15976","3323"
"21209","28950","10564"
"29207","13426","1819"
"20025","1067","143"
"27105","8715","2933"
"38031","1778","373"
"46061","2388","557"
"51570","9160","2972"
"48067","13927","2795"
"51650","65957","46220"
"39005","26405","6541"
"21153","5446","1213"
"16017","27335","8310"
"28055","676","355"
"34017","249850","181452"
"41045","11804","3260"
"20053","2853","648"
"12043","5193","1385"
"13145","19991","5457"
"53017","21308","7811"
"37027","42829","10245"
"20091","347214","184259"
"21131","4811","446"
"41025","4481","894"
"32005","34117","11570"
"20039","1498","218"
"28149","21053","10442"
"39063","38771","11757"
"37043","6893","1699"
"18143","10167","2701"
"34013","345311","266820"
"39107","23761","4030"
"51051","7307","1503"
"22007","11235","3833"
"48117","4610","1264"
"13311","14816","2411"
"8089","9576","3605"
"4013","2068144","1040774"
"51550","127246","66377"
"42111","40543","8654"
"30033","813","41"
"55137","13568","4388"
"41049","5118","1371"
"47025","12945","2202"
"28107","15627","7403"
"31169","2980","624"
"17195","27375","12253"
"13117","129305","42203"
"31009","317","35"
"47013","14933","2441"
"54047","6527","1333"
"51595","2384","1612"
"16007","3315","350"
"51059","601243","419943"
"48305","2293","428"
"29195","9519","2904"
"54019","16862","5063"
"41065","14130","6604"
"19039","4670","1466"
"2019","5301","3118"
"49045","31506","8943"
"42057","7977","1085"
"13233","17399","3658"
"4019","520397","304981"
"8085","24922","7687"
"47095","2034","526"
"49033","1369","180"
"17065","4315","824"
"19127","18136","8176"
"6109","30408","11978"
"36071","173305","84684"
"26115","87148","32975"
"16067","7993","1550"
"29075","3237","613"
"48239","6353","1033"
"27111","36399","11958"
"12005","93024","25614"
"16087","5344","1073"
"17149","7949","1484"
"20019","1639","212"
"27123","295977","211620"
"28121","70655","18847"
"53055","13197","9725"
"18111","6591","1509"
"12091","116373","34248"
"18083","16011","4067"
"41001","9932","2346"
"22095","21432","13582"
"20097","1165","156"
"48459","18892","2877"
"12085","98726","36893"
"24023","15611","3281"
"54069","19898","7223"
"37155","47188","19020"
"48405","4002","980"
"18049","9147","2280"
"20107","5046","896"
"31147","4126","996"
"4023","19556","13138"
"24045","46216","22054"
"17203","21432","6160"
"28141","9138","1059"
"49049","284286","76033"
"47041","8513","1750"
"19027","11335","3454"
"17033","9425","2202"
"40137","19057","3154"
"48451","45210","12239"
"47123","20797","3764"
"17095","23143","10703"
"26081","361048","187915"
"38047","1076","128"
"37191","55537","24215"
"51678","2764","1791"
"39095","200623","115411"
"39103","105825","39800"
"21013","10044","1789"
"47175","2921","544"
"17137","15309","5076"
"26107","21049","7375"
"17181","8886","2579"
"38069","2128","497"
"40025","1054","70"
"22087","17650","6151"
"1133","11284","974"
"21123","7301","1504"
"28011","13744","8904"
"5053","8200","1268"
"51181","4471","2397"
"6069","28830","17628"
"45009","6482","4010"
"39171","18651","4842"
"31107","4697","905"
"28085","16801","5040"
"21059","49240","17283"
"5029","8685","2615"
"42029","314502","182372"
"47139","8360","1492"
"18149","10290","2650"
"16053","7812","1893"
"48381","64674","12802"
"13017","6560","2392"
"17165","11066","2789"
"40151","3678","591"
"37071","115498","40959"
"18021","12267","2552"
"47045","15079","3158"
"17061","6227","1349"
"45027","16733","8250"
"5065","5810","1021"
"17013","2772","677"
"48095","1268","197"
"20173","223688","95870"
"37039","16423","3583"
"20085","6584","1881"
"18001","14209","3236"
"47065","171113","75522"
"34031","223707","129097"
"54013","2971","568"
"2038","5299","3202"
"48393","550","17"
"55089","61486","26517"
"48079","1000","177"
"47159","9051","1802"
"37045","51308","16955"
"12001","142604","89704"
"46117","1652","421"
"13227","17116","2808"
"27003","211132","100893"
"19179","15633","5821"
"51107","224976","138372"
"19161","5535","1389"
"21115","10192","1608"
"21177","14229","3544"
"51113","8133","2698"
"47039","5241","904"
"20143","3191","506"
"42125","118478","45088"
"47029","14859","2533"
"47099","18718","3195"
"51053","15092","6224"
"21051","7590","831"
"30085","4017","1910"
"31183","502","59"
"46137","906","481"
"13077","76799","24210"
"49015","4898","572"
"23011","72615","34902"
"46053","2258","455"
"17055","18626","4760"
"19055","10003","3157"
"27027","32239","16357"
"13003","3155","825"
"48489","5549","3108"
"47169","3998","1012"
"18105","63151","39861"
"27097","19558","4367"
"1105","5230","3860"
"30027","6507","1496"
"40101","25081","8027"
"48135","44591","11367"
"54083","12200","3362"
"8003","7808","3759"
"5139","16607","5584"
"17047","3366","488"
"18007","4114","1009"
"37003","20236","4145"
"37149","12358","4518"
"48065","3122","297"
"26141","8344","2911"
"26073","29421","14072"
"55037","2940","781"
"20147","2781","318"
"26127","14062","4944"
"53005","103033","38706"
"50007","96755","72938"
"47085","8236","2017"
"6059","1522113","814009"
"41035","36726","10388"
"18171","4472","974"
"8041","378851","161941"
"6007","102066","50426"
"39117","18457","4048"
"48401","21377","4629"
"34027","299322","153881"
"20191","10928","2591"
"35001","317590","193757"
"48015","14554","2951"
"48197","1580","241"
"18053","27159","8015"
"12033","170372","70929"
"18095","51793","19524"
"54033","30465","9215"
"28027","8501","6020"
"31097","2229","647"
"38055","5536","1230"
"37093","21639","11804"
"26025","66281","28877"
"39025","110480","34092"
"38077","7812","2510"
"41039","222253","134366"
"42041","141595","62245"
"1005","10518","4816"
"4001","35172","23293"
"51179","79629","40245"
"27085","20933","6413"
"29003","9752","2351"
"8095","2485","486"
"39023","64212","24076"
"47161","6296","1232"
"21087","5812","920"
"20145","2739","643"
"44007","272667","165012"
"13165","3455","1266"
"39089","94210","33055"
"24027","183062","129433"
"40011","3901","688"
"21119","6251","1412"
"21147","6435","725"
"13103","31570","7720"
"6063","11260","4561"
"45035","77278","33824"
"20163","2699","339"
"5031","38511","11921"
"44005","46148","29486"
"53059","7312","3192"
"37127","52271","25947"
"19007","6516","1891"
"29159","19097","4783"
"48293","9095","2213"
"48055","14973","6672"
"8007","9144","3738"
"54079","28501","7878"
"13033","10684","5209"
"30101","2119","467"
"37099","21428","9591"
"42007","94122","38122"
"5091","16529","4245"
"5087","7351","1563"
"46081","13828","4537"
"34033","33922","14479"
"49027","6190","624"
"22059","7077","638"
"19065","10186","3835"
"20027","4182","894"
"19083","8989","2976"
"27083","12893","4634"
"28079","9200","3897"
"22065","4670","2654"
"48249","13669","6119"
"12019","124405","38317"
"48373","24186","5387"
"30069","348","39"
"51163","12377","4086"
"41057","16888","8066"
"1049","29356","4281"
"19001","4177","1198"
"27149","5085","1922"
"27001","10025","3607"
"46015","2490","673"
"26125","770351","434148"
"28161","6535","2785"
"29081","3826","597"
"45005","3593","2718"
"51147","9575","4973"
"6005","22304","8153"
"19089","4958","1772"
"8055","4406","2076"
"34023","374362","226250"
"48153","2039","438"
"18017","15198","4304"
"51111","6002","2418"
"27051","3654","1300"
"31153","95673","41206"
"1023","7464","3127"
"29209","18483","3506"
"20197","3902","964"
"16045","9958","1803"
"34029","341516","119456"
"13217","54239","29794"
"21017","9643","3296"
"21095","10971","1494"
"48075","2279","310"
"26053","8266","3570"
"20153","1504","214"
"13177","16714","4558"
"37065","25477","16089"
"55097","40603","20428"
"39155","101001","44519"
"13179","21389","13099"
"41059","33038","10707"
"12093","15954","4390"
"39033","20686","4916"
"6087","144837","114246"
"55039","57251","20588"
"55045","21406","10851"
"8087","13744","3876"
"28051","8115","6588"
"29037","57408","19052"
"28025","10189","5844"
"40079","18805","3299"
"13129","24033","4384"
"5119","169956","101947"
"30015","2965","991"
"8081","7026","1203"
"51019","48669","12176"
"56045","3560","360"
"27021","18289","6342"
"51091","1533","417"
"40117","6786","1363"
"48205","2078","195"
"51750","6320","3358"
"50009","4237","1890"
"32015","2765","496"
"5083","8225","1544"
"49011","169814","57411"
"48133","8293","983"
"54037","27703","12127"
"45021","25270","6983"
"48053","24717","5639"
"29019","91168","50064"
"40041","17245","3472"
"20179","1445","147"
"46119","930","185"
"42129","204697","72129"
"45001","12433","4101"
"21103","8107","2142"
"20151","4137","933"
"13193","4662","2857"
"13043","4431","1269"
"21099","8369","1908"
"26029","17000","6939"
"18123","8722","3203"
"48063","5060","1394"
"32021","2327","824"
"2012","11238","2957"
"48251","72020","16464"
"47087","5323","1135"
"35003","2326","595"
"47127","3539","573"
"51083","18248","7666"
"29007","10656","2704"
"18157","71448","35017"
"34037","87960","34481"
"39169","54283","16660"
"20017","1491","345"
"4005","73272","44698"
"8019","6548","3604"
"26097","7015","2632"
"16047","6050","1256"
"48225","9438","2314"
"29203","3906","706"
"19119","6863","1067"
"31049","1032","141"
"48185","12414","2833"
"5107","6242","3623"
"1083","49235","13672"
"31151","5770","1986"
"12037","6849","2120"
"30111","83821","30679"
"51820","10717","4961"
"28133","9681","6781"
"18153","8994","2153"
"36103","757877","368000"
"54043","7830","1711"
"22005","62325","20399"
"51141","9535","1954"
"54053","11203","2526"
"51021","3479","532"
"37121","9041","1867"
"20109","1458","186"
"36101","46516","15790"
"28113","17342","8646"
"21101","20688","7639"
"5141","7807","1593"
"39123","24007","9008"
"19099","20184","7737"
"1057","8766","1395"
"42053","2646","728"
"31113","450","38"
"18147","10769","3213"
"51157","4979","2096"
"47117","14878","3605"
"37095","2492","1046"
"18165","7481","2145"
"13225","12545","5920"
"20175","5294","1833"
"5039","2649","963"
"1079","16031","3562"
"2017","7239","4136"
"42101","741377","603790"
"30031","70979","37044"
"39061","430929","246266"
"8079","756","317"
"27023","6611","2226"
"45007","96093","27169"
"13273","4416","2376"
"56013","18234","5519"
"13157","37670","7642"
"29163","7695","1717"
"29097","52352","13549"
"13237","11855","3448"
"5075","5857","1080"
"19165","6795","1959"
"47069","10063","4180"
"39051","22770","6664"
"54009","10656","2947"
"37013","26315","9633"
"29211","2471","478"
"22125","6268","2298"
"29219","18375","4769"
"19185","3109","727"
"40049","10922","1865"
"29005","2814","564"
"20093","1455","267"
"13083","7434","1261"
"31061","1724","276"
"24021","145615","77675"
"19023","8098","2424"
"39163","6030","1331"
"46007","1183","466"
"48125","988","130"
"19087","9982","3275"
"20087","9782","3194"
"13031","30084","11243"
"17057","16678","6503"
"21079","8703","1830"
"46073","1006","270"
"56005","19735","1935"
"2027","9506","4844"
"30053","11747","2835"
"39141","33299","10557"
"31045","4121","1082"
"46099","92326","40482"
"41037","4363","792"
"19019","10774","4169"
"37087","36542","13144"
"32013","7771","1689"
"40119","29643","10904"
"39159","33445","11141"
"26135","4874","1342"
"51075","16952","6685"
"13049","4566","1103"
"23023","24280","13528"
"6075","443553","378156"
"13151","122742","73276"
"29227","1107","215"
"21089","18176","4873"
"21027","10197","2350"
"18133","16597","3946"
"18117","8832","2224"
"53045","37303","17269"
"20125","13426","3228"
"29145","28405","5818"
"12125","6245","1053"
"26019","12262","5480"
"22077","12371","4683"
"31167","3161","532"
"1069","46173","12917"
"47185","11895","2143"
"39091","23368","5055"
"5045","54428","18347"
"20127","2899","729"
"39071","19676","3799"
"48255","5252","1234"
"13255","30116","11784"
"13231","10720","1505"
"26079","10631","3002"
"20037","16645","6179"
"39015","21096","4380"
"51035","15657","2842"
"47077","12020","2092"
"19085","8155","2440"
"19133","4728","1407"
"16075","11293","2161"
"12127","307439","130575"
"55087","108022","47667"
"19107","5303","1414"
"29169","14414","3740"
"1055","47728","11567"
"54029","13800","3790"
"5001","6292","1818"
"29205","3350","592"
"5033","24091","4959"
"21139","5003","939"
"39121","6343","1170"
"28109","24033","4148"
"42045","327931","206423"
"26105","17254","6802"
"12055","52170","16938"
"36083","79962","40969"
"2025","9325","4600"
"54087","5763","1455"
"29127","13348","3202"
"55017","35938","13983"
"5011","3654","1214"
"20035","14231","4273"
"24005","414932","258409"
"29085","5080","1056"
"38067","3331","786"
"48129","1648","198"
"51101","10737","3260"
"48421","992","91"
"29147","9893","2853"
"17161","66758","36691"
"53063","295430","135765"
"9011","139604","79459"
"55031","24677","13218"
"48325","22657","6773"
"40053","2226","280"
"27161","10389","3496"
"51043","9337","3920"
"21067","152664","90566"
"54085","4283","586"
"25017","869347","617196"
"22023","4039","324"
"36031","19470","9947"
"27081","3115","937"
"17169","3906","1068"
"48247","2036","1197"
"16015","4820","1204"
"28127","11815","4037"
"21213","8732","2681"
"13127","41984","15879"
"17011","17434","6669"
"5093","12342","4558"
"18115","3075","668"
"5149","6741","1284"
"37085","58293","22093"
"56007","6706","1427"
"48493","25013","6350"
"21129","2659","459"
"13315","3281","862"
"29095","196418","92182"
"39093","157437","75667"
"32027","2320","547"
"21069","7066","1474"
"13301","2651","1469"
"4025","143221","49602"
"37177","1817","758"
"12029","8167","1365"
"16059","4738","1032"
"13137","20432","3563"
"30047","16626","6916"
"10001","87025","44552"
"29083","10788","2619"
"21201","1146","253"
"55001","11818","4329"
"48201","1640818","918193"
"20055","11800","4325"
"26121","92444","45643"
"36019","35637","18364"
"47143","13637","2369"
"38029","2009","237"
"8005","350183","213607"
"37041","7784","3247"
"39151","189879","75904"
"37181","20999","12431"
"21187","5456","1098"
"46055","1137","105"
"47121","5532","1008"
"13099","5187","2437"
"6073","1602143","964650"
"12109","176622","63850"
"31111","17107","3692"
"19049","56022","26879"
"29099","116688","37523"
"42103","32554","13019"
"48031","7441","1911"
"48491","289555","143795"
"26119","5859","1628"
"6047","90554","48991"
"22057","45388","8672"
"23001","59361","27617"
"21207","8939","1329"
"5015","11797","4023"
"27157","13123","4696"
"27009","22260","7280"
"13163","7642","4061"
"20071","641","78"
"55113","10510","4498"
"28009","4289","1679"
"40093","3467","320"
"51830","6890","4790"
"22027","6580","2731"
"38039","1250","308"
"48433","736","116"
"49037","6877","3113"
"26043","14589","4744"
"34011","62408","32742"
"17005","8145","2288"
"13025","7746","699"
"48123","8118","1494"
"17163","128091","68325"
"39027","20527","4697"
"24035","30290","10709"
"29109","17905","3214"
"8121","3008","369"
"55141","41298","16365"
"26137","14757","4743"
"36057","21246","7977"
"48137","1066","168"
"38041","1312","196"
"36069","60085","29025"
"13239","1106","497"
"39057","88643","34798"
"51173","14136","3008"
"28045","20957","4504"
"1063","4775","3884"
"39111","7148","1605"
"18033","19628","4966"
"13189","10455","4168"
"40109","294740","141724"
"47183","13735","3020"
"4007","27662","8943"
"55091","4144","1489"
"26049","221360","119390"
"39073","13824","3880"
"8061","903","98"
"42037","31171","10532"
"56001","18744","9092"
"13191","6696","2612"
"48447","894","82"
"54001","6677","1457"
"31143","2879","530"
"51143","34227","10115"
"42023","2434","634"
"32033","4363","856"
"20133","6877","1796"
"19197","6254","1996"
"38003","5565","1820"
"51680","36364","18048"
"29035","2897","418"
"32001","12881","3048"
"22069","16554","6896"
"17029","22606","8067"
"41023","4596","929"
"13113","71993","33065"
"27119","15594","5439"
"15009","71044","47305"
"20123","3101","558"
"16001","259389","120539"
"2024","10428","4736"
"51057","6178","3038"
"47151","9052","986"
"28031","9360","3416"
"55085","24159","10105"
"51169","10869","1692"
"21155","8928","2722"
"31021","3731","1063"
"54051","14080","3455"
"45039","12136","7382"
"24039","10147","4241"
"18101","5144","1011"
"22105","57661","18887"
"38007","635","72"
"48131","5053","2575"
"45065","5697","2687"
"12097","172436","97297"
"36115","28256","11565"
"6105","6259","2851"
"48163","5279","2422"
"17097","334177","204032"
"53077","96193","43179"
"26151","22446","5966"
"37103","5525","2197"
"53057","73423","38252"
"37057","88514","22636"
"17081","17404","4608"
"55117","66011","27101"
"46127","8855","2725"
"39011","25777","4651"
"38063","1777","586"
"1059","12578","2086"
"19093","3849","917"
"17015","8024","2748"
"37011","9458","2191"
"46121","2539","1963"
"13169","14966","4888"
"21047","23863","8296"
"54067","10630","2226"
"48387","5806","1246"
"2004","10511","5345"
"21141","12346","3094"
"17089","231876","130166"
"26055","60236","28683"
"30073","2995","903"
"47179","60203","18638"
"27089","5113","1295"
"28099","11703","3260"
"19117","4630","1284"
"38061","4165","1256"
"1113","21329","11228"
"23027","24566","12345"
"48113","919504","598576"
"46023","3783","1177"
"48367","76128","13017"
"19033","23801","10941"
"1117","114950","33268"
"55125","15369","5903"
"48457","9660","1403"
"8053","632","255"
"8117","18479","12631"
"55021","33869","16410"
"47107","22844","4361"
"2938000","136645","107660"
"26147","92064","31363"
"55051","4010","1533"
"28003","15793","2782"
"4009","14995","4034"
"13319","4770","2075"
"17073","25635","9797"
"21043","11585","2642"
"26033","17642","6648"
"39031","16739","4125"
"48167","155060","58842"
"46049","1182","198"
"5005","21007","4635"
"15007","33497","21225"
"5123","7108","3604"
"19183","11765","4561"
"18069","17829","4255"
"45083","148655","52926"
"17185","5593","1253"
"13093","4105","1911"
"30067","11566","5280"
"22099","27038","8439"
"48449","10541","2856"
"17171","2737","572"
"2007","9622","2215"
"24019","15977","6857"
"48057","7856","2148"
"13235","4059","1217"
"4015","104668","24831"
"31085","534","34"
"18119","9904","2420"
"53047","21282","8900"
"37097","102371","33888"
"17143","83973","43578"
"28129","8327","1791"
"39065","13247","3062"
"31065","2601","399"
"25003","71771","51705"
"38103","2374","442"
"40077","4249","762"
"35006","8903","4745"
"6099","214954","105841"
"26041","21151","7606"
"12015","116340","42273"
"17053","6953","1754"
"26069","15363","5373"
"22015","54655","15662"
"51093","23456","9399"
"42099","24652","5950"
"21227","55351","22477"
"22045","32713","11027"
"1025","13135","5755"
"36007","93494","47010"
"51099","14227","5404"
"55013","10141","3569"
"2099","433","373"
"40063","4857","919"
"54103","6667","1539"
"27075","7202","3647"
"13197","3624","1311"
"47009","66609","17932"
"5061","4834","1340"
"35005","22443","6381"
"2006","9460","3272"
"55135","29130","9703"
"42011","205540","92895"
"31155","12735","3331"
"31127","3423","921"
"22019","82663","25982"
"21105","2199","458"
"44001","28415","18050"
"5013","2182","479"
"13283","3077","952"
"19091","5327","1442"
"36035","24072","7931"
"6043","10280","4088"
"26017","60255","26151"
"19105","10989","4213"
"21075","2421","791"
"51165","43821","12644"
"8031","393829","313293"
"29175","10744","2485"
"36017","22417","8290"
"48211","1720","206"
"49029","6606","1086"
"48253","6741","999"
"54011","37360","14994"
"47051","19132","4864"
"53003","11951","4250"
"31083","1928","282"
"51071","9178","2156"
"27029","4708","1260"
"19011","14642","5160"
"2009","10993","2769"
"47113","42950","18390"
"48351","6094","1173"
"48339","271543","74377"
"36063","104866","46029"
"16041","6664","657"
"27173","5528","1688"
"55075","22979","7366"
"26013","4038","1478"
"29189","536446","328151"
"51005","8203","2243"
"56003","5784","788"
"13265","928","561"
"22063","65230","9249"
"39077","27190","7759"
"38011","1657","228"
"18059","42911","12895"
"26083","1557","672"
"18045","7986","1629"
"32011","1008","104"
"48425","4947","768"
"54107","38762","10926"
"13069","15214","4511"
"8011","2274","732"
"29186","9484","2713"
"8049","9870","4710"
"48371","4668","1382"
"1037","5479","1796"
"51027","9957","1587"
"27037","262259","146155"
"51197","15073","3143"
"19145","7528","2086"
"18087","10633","2355"
"1119","6291","4648"
"32003","972308","521777"
"38009","3471","821"
"46039","2350","609"
"6011","7961","3239"
"54081","33106","7982"
"27153","13257","3286"
"32009","480","72"
"41015","14925","6058"
"51013","130739","105344"
"51067","29704","8381"
"51041","203955","106935"
"24510","237461","207260"
"46102","3200","2829"
"39017","186737","69613"
"41047","165534","80872"
"55007","10880","6147"
"39149","25258","4465"
"2040","4603","2318"
"46013","17547","6538"
"21003","9363","1642"
"40141","2708","597"
"29157","9447","1664"
"31069","1195","161"
"26101","14655","6107"
"47001","35570","11741"
"28061","8736","4341"
"1031","22275","5076"
"47031","24282","5705"
"8009","2225","317"
"54003","51535","17186"
"29009","15598","2948"
"5145","30885","5978"
"20203","968","149"
"51119","6785","2491"
"26075","80861","31995"
"28023","8338","2838"
"46043","1707","216"
"48025","9420","3288"
"40115","11438","2686"
"51161","57226","21801"
"36015","39711","16636"
"51685","6088","3992"
"22081","4132","1644"
"1013","9488","3965"
"48479","68397","41820"
"45043","36668","15822"
"30107","1068","225"
"12007","13632","3160"
"51610","8819","7146"
"51047","27116","10617"
"55027","48436","16356"
"51015","42278","10840"
"50017","14876","8351"
"21109","6113","605"
"29149","4739","823"
"28119","3226","2150"
"1045","19738","5170"
"48161","8711","1635"
"48375","33337","9921"
"20015","32520","9181"
"21035","17443","5794"
"6031","43861","18699"
"55069","16497","6261"
"25023","303870","173630"
"12051","12940","4929"
"30075","1136","154"
"27039","12187","4079"
"46005","7081","2107"
"45073","40668","10414"
"35023","1974","823"
"37183","631830","393336"
"26163","872469","597170"
"47147","33717","8692"
"12031","492820","252556"
"50027","36308","24779"
"39113","268505","135064"
"22029","8828","3177"
"51069","48718","17207"
"55119","10686","2693"
"17059","2674","622"
"20065","1337","228"
"12009","360764","148549"
"47079","15047","3548"
"12131","43711","10338"
"29023","18141","3301"
"17191","8486","1187"
"45061","8431","5329"
"51177","75317","34307"
"28145","12683","2160"
"38021","2424","608"
"30049","42265","19743"
"35017","14435","7590"
"28147","7119","2835"
"49017","2732","514"
"22053","14841","3208"
"26123","27161","7873"
"46087","2900","769"
"37017","17125","7326"
"42073","46076","15978"
"21161","7958","2362"
"28001","13759","7917"
"29025","4682","897"
"41029","127165","59478"
"34003","495849","285967"
"47115","13256","3177"
"19175","6185","2061"
"19149","14188","3494"
"17157","14891","3592"
"37021","161569","96515"
"56017","2588","482"
"38013","1155","137"
"48321","13727","3733"
"48181","59474","14506"
"15001","87814","58731"
"29113","29018","6607"
"27063","5819","1745"
"48027","127375","57014"
"42061","22792","5445"
"12073","162929","103517"
"6077","288492","161137"
"16011","19996","4124"
"17077","22643","11181"
"55077","9065","3239"
"47061","5855","988"
"47111","9487","1307"
"5089","7503","1531"
"51085","70988","25307"
"12119","92485","29341"
"45081","9274","2963"
"21133","9135","1799"
"27011","2974","1053"
"30013","39885","15456"
"54045","13026","2333"
"51049","5313","2227"
"21091","4587","1351"
"8065","3961","2303"
"48441","55135","14588"
"18073","15475","3798"
"2015","5559","2622"
"29015","10476","2180"
"36087","151381","75802"
"37053","16147","4195"
"51095","49639","25553"
"45033","13101","6436"
"24043","67779","26044"
"48475","4060","764"
"1123","20991","5859"
"22101","23186","8055"
"20051","13800","3737"
"51199","38791","17683"
"29143","7250","1748"
"8077","90623","31536"
"13293","12905","4201"
"38057","4675","704"
"20149","13083","3313"
"39019","14212","3251"
"36009","35018","11879"
"49043","26086","15244"
"48313","5298","1088"
"31109","156091","82293"
"36033","19420","9253"
"39075","12947","1994"
"5133","5202","1116"
"48121","417964","188695"
"18151","16162","4513"
"31121","4257","743"
"28131","7878","1802"
"42075","71652","23932"
"30071","2382","416"
"48263","462","47"
"20155","27941","8886"
"46079","5873","2068"
"8123","166974","66060"
"48051","8609","1788"
"18015","9495","2224"
"28087","27241","13087"
"40015","9859","2670"
"8067","35667","20548"
"12115","270575","120110"
"13067","393746","221846"
"13263","3522","2114"
"16031","9629","1464"
"30007","4097","835"
"51007","7894","2411"
"48157","357514","195552"
"41067","320326","209940"
"56023","10525","1509"
"48243","1305","501"
"33019","24380","12390"
"21239","15211","6530"
"46033","5494","1522"
"48455","6938","1323"
"55111","36203","18108"
"30057","6087","1771"
"46029","13161","3837"
"35027","10306","3194"
"18097","389619","247772"
"46031","1283","622"
"8111","562","342"
"55005","25346","9194"
"48191","1169","168"
"22091","6158","3346"
"35035","23571","8485"
"53009","49264","24721"
"35055","17181","13121"
"41019","64349","19160"
"5025","3600","651"
"31087","1469","175"
"40031","35631","13747"
"1027","6930","1267"
"20043","3709","686"
"18071","19238","4302"
"45037","13304","4953"
"42127","28089","9191"
"40005","5389","765"
"48001","19227","3955"
"31093","3501","648"
"46105","1669","239"
"42069","115410","61991"
"37091","10634","7097"
"17131","8893","3280"
"48199","27635","3474"
"55011","7816","2860"
"6055","72150","49817"
"37123","12849","4327"
"48347","26785","9000"
"15003","382102","238866"
"20195","1630","242"
"21015","66953","20897"
"13167","4100","1222"
"36085","217899","90997"
"21215","11429","2530"
"22009","17292","4979"
"40019","19479","4470"
"13011","8801","932"
"29173","5662","1205"
"28041","5812","966"
"45051","179744","59180"
"27125","2196","691"
"27079","16818","5672"
"47109","11275","1943"
"54099","16947","4088"
"21233","5991","1412"
"47137","2931","525"
"51520","7814","2313"
"31123","2557","386"
"46047","4042","1053"
"51011","9268","2418"
"24003","309617","172823"
"45053","14394","7185"
"31095","3716","1016"
"1047","17864","12230"
"51510","82521","66240"
"12053","108922","37519"
"31035","3558","632"
"38019","2020","474"
"50011","26072","13612"
"39133","82872","35661"
"17027","19170","4493"
"55057","13709","4746"
"30103","460","78"
"28047","75768","27728"
"5121","6812","1215"
"42093","9771","3771"
"29063","4843","930"
"48267","2292","284"
"9005","107544","50164"
"19017","14546","5958"
"18051","16161","4023"
"20089","1628","212"
"12117","260815","132528"
"48013","18118","5876"
"22011","16357","2542"
"41013","15448","3801"
"12089","58811","15564"
"6085","850741","617967"
"31181","1876","335"
"42085","57954","21067"
"51001","16962","7578"
"13085","16081","2486"
"5143","94266","43824"
"51175","9786","3969"
"37069","37351","15879"
"36023","21892","10369"
"13097","69097","42809"
"6029","305292","133366"
"12086","1156816","617864"
"20031","4565","964"
"28063","3908","3327"
"40097","16626","3581"
"2032","8335","3506"
"41053","48291","22917"
"21167","11735","3033"
"13005","4668","625"
"22109","46240","11198"
"21037","48833","19373"
"8119","16939","5278"
"13123","16525","2932"
"38081","2070","738"
"27061","26561","10786"
"21057","3309","508"
"18167","43594","18123"
"53051","8553","2593"
"28097","5075","2121"
"34021","176604","122532"
"47083","3686","871"
"55105","85360","46658"
"18137","14271","2774"
"24011","15794","5095"
"48049","15969","2107"
"37163","28618","10966"
"36047","920380","703310"
"51790","12992","6981"
"8033","1449","341"
"34001","140031","73808"
"6021","11297","3995"
"5117","3495","654"
"51735","7857","2054"
"21183","11127","2404"
"5067","5091","1365"
"40099","5894","1156"
"1051","41030","10367"
"42091","510157","319511"
"31017","1679","191"
"48005","34574","9143"
"48453","608575","435860"
"51770","43323","26773"
"31059","3134","693"
"51775","13051","5148"
"21045","7171","918"
"41043","72640","26512"
"36109","46048","33619"
"17007","24979","10542"
"53021","32404","13340"
"10005","129352","56682"
"37055","24232","9936"
"18135","11070","2513"
"21171","5330","657"
"29167","15064","2885"
"53035","158672","90277"
"1099","10668","4455"
"17129","6928","2022"
"13183","5656","2033"
"13187","15531","3126"
"53053","464081","249506"
"20075","859","141"
"26001","7064","2142"
"48261","194","65"
"19125","19232","6178"
"22079","58865","19475"
"46089","1324","222"
"26159","39066","16803"
"31063","1440","189"
"38053","5419","814"
"28105","19757","10299"
"31165","729","72"
"37067","201270","113033"
"45049","9305","5323"
"47037","309658","199703"
"28137","13093","4183"
"31029","1993","226"
"48289","8674","1072"
"40067","2385","319"
"24047","31691","12560"
"29223","5878","845"
"39069","14764","4062"
"18099","19927","5712"
"26089","16900","8795"
"16005","39553","14682"
"48183","47982","14796"
"47165","92630","27680"
"20161","25171","12765"
"13061","1434","790"
"46045","1985","417"
"20131","5684","927"
"30093","18658","10392"
"53033","1210507","907310"
"1015","50983","15216"
"48349","19123","5101"
"31131","8315","2490"
"22093","12590","6510"
"13249","2275","462"
"53013","2495","668"
"17193","7421","1517"
"2016","8118","4274"
"48219","8100","1482"
"21071","16351","3884"
"37079","8753","3832"
"48327","1028","197"
"13091","8070","2171"
"46093","13670","3285"
"30083","5798","875"
"24013","100327","36456"
"21237","2979","839"
"19121","9824","3134"
"27171","82426","28430"
"13035","11771","3274"
"36049","13036","3824"
"12081","216958","90166"
"20183","2129","336"
"19129","8268","2508"
"31033","4765","855"
"48485","46040","13161"
"34005","261497","154595"
"20169","24531","8214"
"29031","40328","10760"
"51690","6024","3766"
"5059","12557","3082"
"39105","10951","2492"
"29177","11649","3109"
"30059","1110","258"
"30095","5724","1156"
"38075","1319","220"
"29179","3298","529"
"42067","12043","2253"
"21113","26251","8567"
"21127","6955","1238"
"41011","37075","14243"
"55129","10378","3867"
"22119","18216","6172"
"2026","10111","4558"
"19015","15340","6303"
"56025","35391","8530"
"46067","3767","762"
"26133","12329","3214"
"22025","4858","1269"
"55003","8757","4801"
"28049","99995","73550"
"41003","52799","35827"
"21159","3930","403"
"21221","7375","1791"
"20061","9603","3983"
"17009","2521","486"
"20033","916","126"
"48047","2484","1470"
"18169","14576","3494"
"51590","19456","11710"
"5115","24432","5772"
"28103","5339","4040"
"18081","77618","24736"
"17037","47825","24643"
"45025","18876","7431"
"38101","28246","7293"
"5023","12680","1988"
"27015","14635","4753"
"20011","6676","1541"
"56029","16815","3410"
"19069","5130","1626"
"18131","5806","1463"
"47073","24824","4083"
"26071","6789","2493"
"16085","7063","2976"
"48069","2083","466"
"51135","7078","2971"
"16071","2451","249"
"19095","9742","3547"
"19167","19051","3019"
"21125","28097","4474"
"17083","11937","2961"
"25011","43003","30030"
"6103","28731","8911"
"17071","3647","1187"
"8099","5561","1458"
"13181","4650","1435"
"47129","8228","1167"
"29021","36598","13445"
"51800","49642","28676"
"19005","7422","2576"
"47097","8965","3193"
"13271","4333","1487"
"1041","6617","1700"
"30037","503","78"
"39135","21809","4493"
"26149","27936","9262"
"55029","20117","10044"
"30001","5661","1608"
"13087","11627","4780"
"2014","11443","4261"
"40095","6064","1100"
"20199","825","44"
"46125","4548","1139"
"27007","24189","11426"
"45019","218857","121485"
"17093","63974","33168"
"18183","17556","4234"
"16027","90410","25881"
"37047","26446","9446"
"28029","12883","6470"
"37147","87573","47252"
"4021","184974","75106"
"38049","3003","564"
"47027","3506","735"
"27095","14689","4404"
"13289","4444","2044"
"36113","36394","17642"
"56027","1322","155"
"35039","16628","10990"
"55035","58275","31620"
"5099","3358","1076"
"26109","12607","4316"
"54077","14572","3163"
"21007","4225","825"
"12067","3658","510"
"40069","4251","738"
"51029","8129","3471"
"48003","5863","850"
"49023","5865","645"
"1035","6441","2966"
"47157","382055","246105"
"49021","25104","4892"
"39101","27818","8269"
"9001","472396","297505"
"51540","24213","20696"
"29105","16793","2780"
"22033","208182","115577"
"54073","3491","699"
"51730","14133","12389"
"31043","6794","2744"
"16035","4419","877"
"39001","12145","2156"
"54025","15850","4655"
"47155","43535","8721"
"1029","7227","675"
"55063","67884","37846"
"13321","9285","2395"
"13205","8963","3995"
"33001","38391","16894"
"22071","177819","147854"
"46095","769","298"
"28091","12177","3787"
"1021","19310","3073"
"16079","6049","1693"
"27071","6922","2659"
"48041","85061","35349"
"11001","344356","317323"
"5137","5938","1180"
"29057","4119","656"
"30005","3117","1589"
"54059","10022","1397"
"47187","139016","50161"
"21061","6131","1227"
"29065","7142","1056"
"5109","4246","644"
"13053","1582","667"
"51153","228267","142863"
"53069","2981","1165"
"21093","48941","18101"
"21229","6223","1644"
"16063","1940","414"
"5097","3873","731"
"19059","11244","3661"
"20045","59495","40785"
"35037","3873","1170"
"37111","23003","5832"
"18025","4944","1355"
"28037","4461","1480"
"41051","463659","367249"
"23019","86133","37713"
"13207","15592","4384"
"37115","13076","4901"
"48213","36317","7060"
"20171","2354","299"
"47015","6557","1261"
"13047","32593","6932"
"31019","23589","6350"
"13021","70802","43468"
"5047","7129","1300"
"21193","10606","2350"
"46059","1836","373"
"48101","662","113"
"29061","3911","746"
"40037","30505","6577"
"17199","33653","10206"
"48505","3874","1826"
"20095","3949","752"
"17189","7902","1641"
"37015","9815","5939"
"40149","4777","598"
"8113","5147","3924"
"38099","4783","1333"
"37113","20743","6230"
"8017","1136","131"
"49013","8561","843"
"55047","10671","3344"
"29125","4771","814"
"29181","5717","833"
"48353","5357","1162"
"48431","639","51"
"12041","9685","1700"
"48085","490856","230945"
"45055","33629","12699"
"48281","10399","2144"
"31023","4498","873"
"54021","2662","599"
"32029","2868","900"
"9009","417983","242630"
"36045","44129","17307"
"38071","5372","1639"
"40107","4038","896"
"19045","24687","10812"
"13275","21853","8708"
"55093","23317","9796"
"48427","17525","9123"
"48483","2337","168"
"26011","8831","2774"
"36111","98160","57970"
"20121","17937","5247"
"21185","37936","14504"
"35047","11531","7888"
"46075","599","90"
"40131","44553","9589"
"5129","4019","588"
"53075","21126","11184"
"51097","4115","1590"
"31137","5009","752"
"46071","1115","359"
"19013","66593","35647"
"21191","6925","1322"
"19101","8959","4319"
"27109","91385","49491"
"29199","1984","388"
"54015","3365","641"
"36003","20895","6048"
"54035","13508","3207"
"16013","13289","8919"
"55033","23524","9897"
NA,"1374","1276"
"49019","5185","2806"
"13039","23688","7967"
"29131","12382","2038"
"51195","16615","3110"
"12017","93208","27092"
"48257","56718","18405"
"42079","153321","64873"
"28065","6213","3599"
"32510","29739","12735"
